Mon Nov  3 02:28:56 UTC 2025
Mon Nov  3 02:30:55 UTC 2025
Mon Nov  3 06:21:10 UTC 2025
Mon Nov  3 18:19:06 UTC 2025
Tue Nov  4 06:20:31 UTC 2025
Tue Nov  4 18:19:36 UTC 2025
Wed Nov  5 06:20:24 UTC 2025
Wed Nov  5 18:19:22 UTC 2025
Thu Nov  6 06:20:22 UTC 2025
Thu Nov  6 18:20:14 UTC 2025
Fri Nov  7 06:20:15 UTC 2025
Fri Nov  7 18:19:01 UTC 2025
Sat Nov  8 06:17:51 UTC 2025
Sat Nov  8 18:17:11 UTC 2025
Sun Nov  9 06:18:26 UTC 2025
Sun Nov  9 18:16:58 UTC 2025
Mon Nov 10 06:21:47 UTC 2025
Mon Nov 10 18:19:44 UTC 2025
Tue Nov 11 06:20:37 UTC 2025
Tue Nov 11 18:19:19 UTC 2025
Wed Nov 12 06:20:41 UTC 2025
Wed Nov 12 18:20:17 UTC 2025
Thu Nov 13 06:20:57 UTC 2025
Thu Nov 13 18:19:55 UTC 2025
Fri Nov 14 06:20:43 UTC 2025
Fri Nov 14 18:19:21 UTC 2025
